﻿<acl>
    <group name="Everyone">
        <acl name="Default"></acl>
        <object name="user.*"></object>
        <object name="resource.*"></object>
    </group>
    <group name="Moderator">
        <acl name="Moderator"></acl>
        <object name="resource.mapcycler"></object>
        <object name="resource.mapmanager"></object>
        <object name="resource.resourcemanager"></object>
        <object name="resource.votemanager"></object>
    </group>
    <group name="SuperModerator">
        <acl name="SuperModerator"></acl>
        <object name="user.adi1"></object>
        <object name="user.chiefjusticiar"></object>
        <object name="user.ruvelius"></object>
        <object name="user.[MG]Reayance"></object>
        <object name="user.apexx"></object>
        <object name="user.SwindleR"></object>
        <object name="user.mertcan"></object>
        <object name="user.cuguli1"></object>
        <object name="user.Jex"></object>
        <object name="user.ahmet1"></object>
        <object name="user.bossking"></object>
        <object name="user.u12"></object>
        <object name="user.razi11"></object>
        <object name="user.KacperPL"></object>
        <object name="user.feleye"></object>
        <object name="user.gh0st"></object>
        <object name="user.caco"></object>
        <object name="user.furchtlos1"></object>
        <object name="user.Nosferatu"></object>
        <object name="user.Denisi007"></object>
        <object name="user.SkyLine"></object>
        <object name="user.lord"></object>
        <object name="user.Zarce"></object>
        <object name="user.Nikolai"></object>
        <object name="user.ryuk"></object>
        <object name="user.fear"></object>
        <object name="user.leo"></object>
        <object name="user.stormcrow"></object>
        <object name="user.petya"></object>
        <object name="user.berk"></object>
        <object name="user.[ForZa]OLG-Racing"></object>
        <object name="user.prox"></object>
        <object name="user.promox7"></object>
        <object name="user.Kadir31"></object>
        <object name="user.Rekkles"></object>
        <object name="user.alex"></object>
        <object name="user.Shakewell004"></object>
        <object name="user.ppp123"></object>
        <object name="user.Versteckt"></object>
        <object name="user.sahibeli1"></object>
        <object name="user.suprime"></object>
        <object name="user.calves"></object>
        <object name="user.antonio"></object>
        <object name="user.Sentry"></object>
        <object name="user.berkay33"></object>
        <object name="user.Moxing"></object>
        <object name="user.kingV"></object>
        <object name="user.Attack"></object>
        <object name="user.rwx"></object>
        <object name="user.beko"></object>
        <object name="user.regi"></object>
        <object name="user.cesur"></object>
        <object name="user.mix"></object>
        <object name="user.ramor"></object>
        <object name="user.patryk"></object>
        <object name="user.ferman1998"></object>
        <object name="user.MTMon6"></object>
        <object name="user.star27"></object>
        <object name="user.finn"></object>
        <object name="user.GrubaS"></object>
        <object name="user.Extazy"></object>
        <object name="user.italy"></object>
        <object name="user.Yordan"></object>
        <object name="user.Rsumbebrat"></object>
        <object name="user.elvin"></object>
        <object name="user.sopa"></object>
        <object name="user.gorgo"></object>
        <object name="user.batu"></object>
        <object name="user.omerarsln1"></object>
        <object name="user.DMNK"></object>
        <object name="user.Kenny"></object>
        <object name="user.Mack"></object>
        <object name="user.ekvator"></object>
        <object name="user.google07"></object>
        <object name="user.Flushyl"></object>
        <object name="user.noitsteff"></object>
        <object name="user.Phone"></object>
        <object name="user.root.codrex"></object>
        <object name="user.tryhard"></object>
        <object name="user.Rammstein"></object>
        <object name="user.Bilal"></object>
        <object name="user.Alex278"></object>
        <object name="user.rexia"></object>
        <object name="user.Ram"></object>
        <object name="user.Matthew"></object>
        <object name="user.archurai"></object>
        <object name="user.yoyoz"></object>
        <object name="user.pp00"></object>
        <object name="user.Vaxeprox"></object>
        <object name="user.nomy"></object>
        <object name="user.jones"></object>
        <object name="user.qazz"></object>
        <object name="user.ManU"></object>
        <object name="user.omer"></object>
        <object name="user.power"></object>
        <object name="user.screel5"></object>
        <object name="user.blc"></object>
        <object name="user.aslan"></object>
        <object name="user.sashhh"></object>
        <object name="user.reo"></object>
        <object name="user.kaan1"></object>
        <object name="user.Dod"></object>
        <object name="user.Sweet"></object>
        <object name="user.D3T4L"></object>
        <object name="user.shark26"></object>
        <object name="user.mYs"></object>
        <object name="user.Hydra"></object>
        <object name="user.Moo9"></object>
        <object name="user.phoenix54"></object>
        <object name="user.Precieux"></object>
        <object name="user.N1Ce*"></object>
        <object name="user.effective"></object>
        <object name="user.knx1"></object>
        <object name="user.Kapis"></object>
        <object name="user.gran"></object>
        <object name="user.sheldon"></object>
        <object name="user.Regl"></object>
        <object name="user.Gloverus"></object>
        <object name="user.ALFALF"></object>
        <object name="user.schantz"></object>
        <object name="user.madn"></object>
        <object name="user.dase"></object>
        <object name="user.mark"></object>
        <object name="user.Tomasz"></object>
        <object name="user.blurrik"></object>
        <object name="user.kenny1"></object>
        <object name="user.NumLocK"></object>
        <object name="user.jessej"></object>
        <object name="user.tahmin"></object>
        <object name="user.NDX"></object>
        <object name="user.8es"></object>
        <object name="user.Carrick"></object>
        <object name="user.arch"></object>
        <object name="user.kanje"></object>
        <object name="user.Hawk"></object>
        <object name="user.kennedymann"></object>
        <object name="user.chvoz19"></object>
        <object name="user.umut1"></object>
        <object name="user.spyro"></object>
        <object name="user.merciooo"></object>
        <object name="user.saud145"></object>
        <object name="user.maituck5"></object>
        <object name="user.delo"></object>
        <object name="user.kwn"></object>
        <object name="user.masry"></object>
        <object name="user.Reik0"></object>
        <object name="user.Master"></object>
        <object name="user.suskral14"></object>
        <object name="user.wayn31"></object>
        <object name="user.enderbigx"></object>
        <object name="user.violen"></object>
        <object name="user.macca"></object>
        <object name="user.Emre"></object>
        <object name="user.Tri"></object>
        <object name="user.rage"></object>
        <object name="user.aka"></object>
        <object name="user.cihoas"></object>
        <object name="user.Juvelius"></object>
        <object name="user.ap"></object>
        <object name="user.alihandro"></object>
        <object name="user.Kurato"></object>
        <object name="user.qeqe"></object>
        <object name="user.Clay"></object>
        <object name="user.Core"></object>
        <object name="user.puff"></object>
        <object name="user.Qrest"></object>
        <object name="user.quala19"></object>
        <object name="user.tanersins"></object>
        <object name="user.Korhan"></object>
        <object name="user.asas"></object>
        <object name="user.99899"></object>
        <object name="user.cristi"></object>
        <object name="user.mmert.juju"></object>
        <object name="user.KtcnN"></object>
        <object name="user.jones1"></object>
        <object name="user.badwolf11"></object>
        <object name="user.d1kuba55"></object>
        <object name="user.clayton"></object>
        <object name="user.xdoleh"></object>
        <object name="user.playhard"></object>
        <object name="user.puma3"></object>
        <object name="user.nevery"></object>
        <object name="user.geci"></object>
        <object name="user.yusijo"></object>
        <object name="user.blackafgano"></object>
        <object name="user.klitschko"></object>
        <object name="user.miedzy"></object>
        <object name="user.slasher"></object>
        <object name="user.Dunhill"></object>
        <object name="user.matrex"></object>
        <object name="user.leszek"></object>
        <object name="user.Dod3"></object>
        <object name="user.Mul"></object>
        <object name="user.goo"></object>
        <object name="user.Zerdust111"></object>
        <object name="user.temp"></object>
        <object name="user.beroone"></object>
        <object name="user.condr"></object>
        <object name="user.Jezza"></object>
        <object name="user.insomnia"></object>
        <object name="user.gmm"></object>
        <object name="user.claytonn"></object>
        <object name="user.Canturk"></object>
        <object name="user.moleczek"></object>
        <object name="user.dawn"></object>
        <object name="user.efe1337"></object>
        <object name="user.EagleClaz"></object>
        <object name="user.ufuk"></object>
        <object name="user.malek"></object>
        <object name="user.funk"></object>
        <object name="user.R4H"></object>
        <object name="user.bxx007"></object>
        <object name="user.lorke"></object>
        <object name="user.kitten"></object>
        <object name="user.serhatreyiz"></object>
        <object name="user.majdq1"></object>
        <object name="user.lanceski"></object>
        <object name="user.rakgun11"></object>
        <object name="user.lolgosu2"></object>
        <object name="user.KajaX"></object>
        <object name="user.Heaven1"></object>
        <object name="user.Exitus"></object>
        <object name="user.Woo"></object>
        <object name="user.Hazard"></object>
        <object name="user.sieg"></object>
        <object name="user.macklemore11"></object>
        <object name="user.oberst"></object>
        <object name="user.tunek"></object>
        <object name="user.onur1"></object>
        <object name="user.N1ce"></object>
        <object name="user.qqq"></object>
        <object name="user.Overlord"></object>
        <object name="user.shi1"></object>
        <object name="user.shelikes"></object>
        <object name="user.carpediem00"></object>
        <object name="user.Heaven"></object>
        <object name="user.anxious"></object>
        <object name="user.Zorgo"></object>
        <object name="user.E-30"></object>
        <object name="user.Ledoo"></object>
        <object name="user.deci"></object>
        <object name="user.adem1"></object>
        <object name="user.xdoleh1"></object>
        <object name="user.Hawk1"></object>
        <object name="user.kunefe"></object>
        <object name="user.emir"></object>
        <object name="user.valyrieroth"></object>
        <object name="user.Kaziko"></object>
        <object name="user.grandma"></object>
        <object name="user.manik"></object>
        <object name="user.romance"></object>
        <object name="user.airo"></object>
        <object name="user.Player"></object>
        <object name="user.3134ks"></object>
        <object name="user.fearless"></object>
        <object name="user.Kaziko1"></object>
        <object name="user.frusa"></object>
        <object name="user.Renegade"></object>
        <object name="user.tomek12"></object>
        <object name="user.Taeon"></object>
        <object name="user.mert"></object>
        <object name="user.decisive"></object>
        <object name="user.snipz"></object>
        <object name="user.ghost"></object>
        <object name="user.furkan10"></object>
        <object name="user.finna"></object>
        <object name="user.waylon"></object>
        <object name="user.f3nn"></object>
        <object name="user.sidossamet2"></object>
        <object name="user.Kikans"></object>
        <object name="user.^V1rus"></object>
        <object name="user.hry26"></object>
        <object name="user.btnyciea5050"></object>
        <object name="user.psy"></object>
        <object name="user.sluffy"></object>
        <object name="user.zaccc59"></object>
        <object name="user.Remigiusz"></object>
        <object name="user.runing321"></object>
        <object name="user.squn"></object>
        <object name="user.Frey"></object>
        <object name="user.Freyviz"></object>
        <object name="user.MHNN"></object>
        <object name="user.evo"></object>
        <object name="user.rvather"></object>
        <object name="user.qweasd53"></object>
        <object name="user.zwei"></object>
        <object name="user.Olimpos"></object>
        <object name="user.rantel"></object>
        <object name="user.praker"></object>
        <object name="user.rock"></object>
        <object name="user.arslan"></object>
        <object name="user.masters1234"></object>
        <object name="user.mox69"></object>
        <object name="user.Xavier17"></object>
        <object name="user.mert1"></object>
        <object name="user.zrc"></object>
        <object name="user.C3588s"></object>
        <object name="user.nurda"></object>
        <object name="user.zacc"></object>
        <object name="user.Arnee1990"></object>
        <object name="user.baris"></object>
        <object name="user.p1k4cuh"></object>
        <object name="user.apex"></object>
        <object name="user.rai"></object>
        <object name="user.diam1"></object>
        <object name="user.OsO"></object>
        <object name="user.GGGirard"></object>
        <object name="user.tzk"></object>
        <object name="user.pufo"></object>
        <object name="user.ardafty"></object>
        <object name="user.syku"></object>
        <object name="user.fearless1"></object>
        <object name="user.enzo"></object>
        <object name="user.PunK"></object>
        <object name="user.Notorious"></object>
        <object name="user.Twistty"></object>
        <object name="user.erman123"></object>
        <object name="user.55"></object>
        <object name="user.drift"></object>
        <object name="user.Verstappen"></object>
        <object name="user.K3VEN"></object>
        <object name="user.renta"></object>
        <object name="user.Alex_278"></object>
        <object name="user.gamg"></object>
        <object name="user.ademkozmo"></object>
    </group>
    <group name="Admin">
        <acl name="Moderator"></acl>
        <acl name="SuperModerator"></acl>
        <acl name="Admin"></acl>
        <acl name="RPC"></acl>
        <object name="resource.admin"></object>
        <object name="resource.acpanel"></object>
        <object name="resource.*"></object>
        <object name="user.Console"></object>
		<object name="user.Core"></object>
		<object name="user.NDX"></object>
    </group>
    <group name="Friends">
        <acl name="Trusted"></acl>
        <object name="user.Zarce"></object>
    </group>
    <group name="HeadAdmin">
        <acl name="Owner"></acl>
        <object name="user.NDX"></object>
		<object name="user.Core"></object>
    </group>
    <group name="Founder">
        <acl name="Owner"></acl>
        <object name="user.NDX"></object>
    </group>
    <group name="Console">
        <acl name="Moderator"></acl>
        <acl name="SuperModerator"></acl>
        <acl name="Admin"></acl>
        <acl name="RPC"></acl>
        <object name="user.NDX"></object>
        <object name="resource.*"></object>
    </group>
    <group name="RPC">
        <acl name="RPC"></acl>
    </group>
    <group name="+antiban">
        <acl name="+antiban"></acl>
        <object name="user.tomek12"></object>
		<object name="user.Moxing"></object>
    </group>
    <group name="MapEditor">
        <acl name="Default"></acl>
        <acl name="MapEditor"></acl>
        <object name="resource.editor_main"></object>
        <object name="resource.edf"></object>
    </group>
    <group name="raceACLGroup">
        <acl name="Default"></acl>
        <acl name="raceACL"></acl>
        <object name="resource.race"></object>
    </group>
    <group name="DevGroup">
        <acl name="DevACL"></acl>
    </group>
    <group name="autoGroup_antivpn">
        <acl name="autoACL_antivpn"></acl>
        <object name="resource.antivpn"></object>
    </group>
    <group name="Developer">
	<object name="user.Core"></object>
    </group>
    <group name="autoGroup_mapmanager">
        <acl name="autoACL_mapmanager"></acl>
        <object name="resource.mapmanager"></object>
    </group>
    <group name="InRPCGroup">
        <acl name="InRPC"></acl>
        <object name="user.http_guest"></object>
    </group>
    <group name="autoGroup_guieditor">
        <acl name="autoACL_guieditor"></acl>
        <object name="resource.guieditor"></object>
    </group>
    <acl name="InRPC">
        <right name="resource.ae-sync.http" access="true"></right>
        <right name="general.adminpanel" access="false"></right>
        <right name="general.tab_players" access="false"></right>
        <right name="general.tab_resources" access="false"></right>
        <right name="general.tab_maps" access="false"></right>
        <right name="general.tab_server" access="false"></right>
        <right name="general.tab_bans" access="false"></right>
        <right name="general.tab_adminchat" access="false"></right>
        <right name="command.kick" access="false"></right>
        <right name="command.freeze" access="false"></right>
        <right name="command.mute" access="false"></right>
        <right name="command.setnick" access="false"></right>
        <right name="command.shout" access="false"></right>
        <right name="command.spectate" access="false"></right>
        <right name="command.slap" access="false"></right>
        <right name="command.setgroup" access="false"></right>
        <right name="command.sethealth" access="false"></right>
        <right name="command.setarmour" access="false"></right>
        <right name="command.setmoney" access="false"></right>
        <right name="command.setskin" access="false"></right>
        <right name="command.setteam" access="false"></right>
        <right name="command.giveweapon" access="false"></right>
        <right name="command.setstat" access="false"></right>
        <right name="command.jetpack" access="false"></right>
        <right name="command.warp" access="false"></right>
        <right name="command.setdimension" access="false"></right>
        <right name="command.setinterior" access="false"></right>
        <right name="command.createteam" access="false"></right>
        <right name="command.destroyteam" access="false"></right>
        <right name="command.givevehicle" access="false"></right>
        <right name="command.repair" access="false"></right>
        <right name="command.blowvehicle" access="false"></right>
        <right name="command.destroyvehicle" access="false"></right>
        <right name="command.customize" access="false"></right>
        <right name="command.setcolor" access="false"></right>
        <right name="command.setpaintjob" access="false"></right>
        <right name="command.listmessages" access="false"></right>
        <right name="command.readmessage" access="false"></right>
        <right name="command.listresources" access="false"></right>
        <right name="command.start" access="false"></right>
        <right name="command.stop" access="false"></right>
        <right name="command.stopall" access="false"></right>
        <right name="command.delete" access="false"></right>
        <right name="command.restart" access="false"></right>
        <right name="command.execute" access="false"></right>
        <right name="command.setpassword" access="false"></right>
        <right name="command.setwelcome" access="false"></right>
        <right name="command.setgame" access="false"></right>
        <right name="command.setmap" access="false"></right>
        <right name="command.setweather" access="false"></right>
        <right name="command.blendweather" access="false"></right>
        <right name="command.setblurlevel" access="false"></right>
        <right name="command.setwaveheight" access="false"></right>
        <right name="command.setskygradient" access="false"></right>
        <right name="command.setgamespeed" access="false"></right>
        <right name="command.setgravity" access="false"></right>
        <right name="command.settime" access="false"></right>
        <right name="command.setfpslimit" access="false"></right>
        <right name="function.shutdown" access="false"></right>
        <right name="command.ban" access="false"></right>
        <right name="command.unban" access="false"></right>
        <right name="command.banip" access="false"></right>
        <right name="command.unbanip" access="false"></right>
        <right name="command.banserial" access="false"></right>
        <right name="command.unbanserial" access="false"></right>
        <right name="command.listbans" access="false"></right>
    </acl>
    <acl name="Default">
        <right name="general.ModifyOtherObjects" access="false"></right>
        <right name="general.http" access="false"></right>
        <right name="command.start" access="false"></right>
        <right name="command.stop" access="false"></right>
        <right name="command.stopall" access="false"></right>
        <right name="command.gamemode" access="false"></right>
        <right name="command.changemode" access="false"></right>
        <right name="command.changemap" access="false"></right>
        <right name="command.stopmode" access="false"></right>
        <right name="command.stopmap" access="false"></right>
        <right name="command.skipmap" access="false"></right>
        <right name="command.restart" access="false"></right>
        <right name="command.refresh" access="false"></right>
        <right name="command.refreshall" access="false"></right>
        <right name="command.addaccount" access="false"></right>
        <right name="command.delaccount" access="false"></right>
        <right name="command.debugscript" access="false"></right>
        <right name="command.chgpass" access="false"></right>
        <right name="command.loadmodule" access="false"></right>
        <right name="command.unloadmodule" access="false"></right>
        <right name="command.reloadmodule" access="false"></right>
        <right name="command.upgrade" access="false"></right>
        <right name="command.mute" access="false"></right>
        <right name="command.crun" access="false"></right>
        <right name="command.srun" access="false"></right>
        <right name="command.run" access="false"></right>
        <right name="command.unmute" access="false"></right>
        <right name="command.kick" access="false"></right>
        <right name="command.ban" access="false"></right>
        <right name="command.banip" access="false"></right>
        <right name="command.unbanip" access="false"></right>
        <right name="command.reloadbans" access="false"></right>
        <right name="command.shutdown" access="false"></right>
        <right name="command.install" access="false"></right>
        <right name="command.aexec" access="false"></right>
        <right name="command.whois" access="false"></right>
        <right name="command.whowas" access="false"></right>
        <right name="command.aclrequest" access="false"></right>
        <right name="command.authserial" access="false"></right>
        <right name="command.reloadacl" access="false"></right>
        <right name="function.executeCommandHandler" access="false"></right>
        <right name="function.setPlayerMuted" access="false"></right>
        <right name="function.addAccount" access="false"></right>
        <right name="function.addBan" access="false"></right>
        <right name="function.setUnbanTime" access="false"></right>
        <right name="function.setBanAdmin" access="false"></right>
        <right name="function.setBanReason" access="false"></right>
        <right name="function.setBanNick" access="false"></right>
        <right name="function.removeBan" access="false"></right>
        <right name="function.removeAccount" access="false"></right>
        <right name="function.setAccountPassword" access="false"></right>
        <right name="function.kickPlayer" access="false"></right>
        <right name="function.banIP" access="false"></right>
        <right name="function.banPlayer" access="false"></right>
        <right name="function.banSerial" access="false"></right>
        <right name="function.getBansXML" access="false"></right>
        <right name="function.unbanIP" access="false"></right>
        <right name="function.unbanSerial" access="false"></right>
        <right name="function.reloadBans" access="false"></right>
        <right name="function.setServerPassword" access="false"></right>
        <right name="function.getServerPassword" access="false"></right>
        <right name="function.callRemote" access="false"></right>
        <right name="function.fetchRemote" access="false"></right>
        <right name="function.startResource" access="false"></right>
        <right name="function.stopResource" access="false"></right>
        <right name="function.restartResource" access="false"></right>
        <right name="function.createResource" access="false"></right>
        <right name="function.copyResource" access="false"></right>
        <right name="function.addResourceMap" access="false"></right>
        <right name="function.addResourceConfig" access="false"></right>
        <right name="function.removeResourceFile" access="false"></right>
        <right name="function.setResourceDefaultSetting" access="false"></right>
        <right name="function.removeResourceDefaultSetting" access="false"></right>
        <right name="function.redirectPlayer" access="false"></right>
        <right name="function.aclReload" access="false"></right>
        <right name="function.aclSave" access="false"></right>
        <right name="function.aclCreate" access="false"></right>
        <right name="function.aclDestroy" access="false"></right>
        <right name="function.aclSetRight" access="false"></right>
        <right name="function.aclRemoveRight" access="false"></right>
        <right name="function.aclCreateGroup" access="false"></right>
        <right name="function.aclDestroyGroup" access="false"></right>
        <right name="function.aclGroupAddACL" access="false"></right>
        <right name="function.aclGroupRemoveACL" access="false"></right>
        <right name="function.aclGroupAddObject" access="false"></right>
        <right name="function.aclGroupRemoveObject" access="false"></right>
        <right name="function.refreshResources" access="false"></right>
        <right name="function.setServerConfigSetting" access="false"></right>
        <right name="function.updateResourceACLRequest" access="false"></right>
        <right name="function.shutdown" access="false"></right>
        <right name="general.adminpanel" access="false"></right>
        <right name="general.tab_players" access="false"></right>
        <right name="general.tab_resources" access="false"></right>
        <right name="general.tab_maps" access="false"></right>
        <right name="general.tab_server" access="false"></right>
        <right name="general.tab_bans" access="false"></right>
        <right name="general.tab_adminchat" access="false"></right>
        <right name="command.freeze" access="false"></right>
        <right name="command.setnick" access="false"></right>
        <right name="command.shout" access="false"></right>
        <right name="command.spectate" access="false"></right>
        <right name="command.slap" access="false"></right>
        <right name="command.setgroup" access="false"></right>
        <right name="command.sethealth" access="false"></right>
        <right name="command.setarmour" access="false"></right>
        <right name="command.setmoney" access="false"></right>
        <right name="command.setskin" access="false"></right>
        <right name="command.setteam" access="false"></right>
        <right name="command.giveweapon" access="false"></right>
        <right name="command.setstat" access="false"></right>
        <right name="command.jetpack" access="false"></right>
        <right name="command.warp" access="false"></right>
        <right name="command.setdimension" access="false"></right>
        <right name="command.setinterior" access="false"></right>
        <right name="command.createteam" access="false"></right>
        <right name="command.destroyteam" access="false"></right>
        <right name="command.givevehicle" access="false"></right>
        <right name="command.repair" access="false"></right>
        <right name="command.blowvehicle" access="false"></right>
        <right name="command.destroyvehicle" access="false"></right>
        <right name="command.customize" access="false"></right>
        <right name="command.setcolor" access="false"></right>
        <right name="command.setpaintjob" access="false"></right>
        <right name="command.listmessages" access="false"></right>
        <right name="command.readmessage" access="false"></right>
        <right name="command.listresources" access="false"></right>
        <right name="command.delete" access="false"></right>
        <right name="command.execute" access="false"></right>
        <right name="command.setpassword" access="false"></right>
        <right name="command.setwelcome" access="false"></right>
        <right name="command.setgame" access="false"></right>
        <right name="command.setmap" access="false"></right>
        <right name="command.setweather" access="false"></right>
        <right name="command.blendweather" access="false"></right>
        <right name="command.setblurlevel" access="false"></right>
        <right name="command.setwaveheight" access="false"></right>
        <right name="command.setskygradient" access="false"></right>
        <right name="command.setgamespeed" access="false"></right>
        <right name="command.setgravity" access="false"></right>
        <right name="command.settime" access="false"></right>
        <right name="command.setfpslimit" access="false"></right>
        <right name="command.unban" access="false"></right>
        <right name="command.banserial" access="false"></right>
        <right name="command.unbanserial" access="false"></right>
        <right name="command.listbans" access="false"></right>
        <right name="command.nosonrespawn" access="false"></right>
        <right name="command.nosonchange" access="false"></right>
    </acl>
    <acl name="Moderator">
        <right name="general.ModifyOtherObjects" access="false"></right>
        <right name="command.gamemode" access="true"></right>
        <right name="command.changemode" access="true"></right>
        <right name="command.changemap" access="true"></right>
        <right name="command.stopmode" access="true"></right>
        <right name="command.stopmap" access="true"></right>
        <right name="command.skipmap" access="true"></right>
        <right name="command.mute" access="false"></right>
        <right name="command.unmute" access="false"></right>
        <right name="command.mmute" access="true"></right>
        <right name="command.whois" access="true"></right>
        <right name="command.whowas" access="true"></right>
        <right name="function.setPlayerMuted" access="true"></right>
        <right name="function.kickPlayer" access="true"></right>
        <right name="function.banIP" access="true"></right>
        <right name="function.banPlayer" access="true"></right>
        <right name="function.banSerial" access="true"></right>
        <right name="function.getBansXML" access="true"></right>
        <right name="function.unbanIP" access="true"></right>
        <right name="function.unbanSerial" access="true"></right>
        <right name="function.startResource" access="true"></right>
        <right name="function.stopResource" access="true"></right>
        <right name="function.restartResource" access="true"></right>
        <right name="function.redirectPlayer" access="true"></right>
        <right name="general.adminpanel" access="true"></right>
        <right name="general.tab_players" access="true"></right>
        <right name="general.tab_resources" access="false"></right>
        <right name="general.tab_maps" access="false"></right>
        <right name="general.tab_server" access="false"></right>
        <right name="general.tab_bans" access="false"></right>
        <right name="general.tab_adminchat" access="false"></right>
        <right name="command.kick" access="false"></right>
        <right name="command.freeze" access="false"></right>
        <right name="command.setnick" access="true"></right>
        <right name="command.shout" access="false"></right>
        <right name="command.spectate" access="false"></right>
        <right name="command.slap" access="true"></right>
        <right name="command.setgroup" access="false"></right>
        <right name="command.sethealth" access="true"></right>
        <right name="command.setarmour" access="true"></right>
        <right name="command.setmoney" access="false"></right>
        <right name="command.setskin" access="true"></right>
        <right name="command.setteam" access="true"></right>
        <right name="command.giveweapon" access="true"></right>
        <right name="command.setstat" access="true"></right>
        <right name="command.jetpack" access="true"></right>
        <right name="command.warp" access="true"></right>
        <right name="command.setdimension" access="true"></right>
        <right name="command.setinterior" access="true"></right>
        <right name="command.createteam" access="false"></right>
        <right name="command.destroyteam" access="false"></right>
        <right name="command.givevehicle" access="false"></right>
        <right name="command.repair" access="true"></right>
        <right name="command.blowvehicle" access="false"></right>
        <right name="command.destroyvehicle" access="true"></right>
        <right name="command.customize" access="false"></right>
        <right name="command.setcolor" access="true"></right>
        <right name="command.setpaintjob" access="true"></right>
        <right name="command.listmessages" access="true"></right>
        <right name="command.readmessage" access="true"></right>
        <right name="command.listresources" access="true"></right>
        <right name="command.start" access="false"></right>
        <right name="command.stop" access="false"></right>
        <right name="command.stopall" access="false"></right>
        <right name="command.delete" access="false"></right>
        <right name="command.restart" access="false"></right>
        <right name="command.execute" access="false"></right>
        <right name="command.setpassword" access="false"></right>
        <right name="command.setwelcome" access="false"></right>
        <right name="command.setgame" access="false"></right>
        <right name="command.setmap" access="false"></right>
        <right name="command.setweather" access="true"></right>
        <right name="command.blendweather" access="true"></right>
        <right name="command.setblurlevel" access="true"></right>
        <right name="command.setwaveheight" access="true"></right>
        <right name="command.setskygradient" access="true"></right>
        <right name="command.setgamespeed" access="true"></right>
        <right name="command.setgravity" access="true"></right>
        <right name="command.settime" access="true"></right>
        <right name="command.setfpslimit" access="false"></right>
        <right name="command.ban" access="false"></right>
        <right name="command.unban" access="false"></right>
        <right name="command.banip" access="false"></right>
        <right name="command.unbanip" access="false"></right>
        <right name="command.banserial" access="false"></right>
        <right name="command.unbanserial" access="false"></right>
        <right name="command.listbans" access="false"></right>
        <right name="command.nosonrespawn" access="false"></right>
        <right name="command.nosonchange" access="false"></right>
        <right name="command.chgmypass" access="true"></right>
    </acl>
    <acl name="SuperModerator">
        <right name="general.ModifyOtherObjects" access="false"></right>
        <right name="command.start" access="false"></right>
        <right name="command.stop" access="false"></right>
        <right name="command.restart" access="false"></right>
        <right name="command.kick" access="true"></right>
        <right name="command.ban" access="false"></right>
        <right name="command.banip" access="false"></right>
        <right name="command.unbanip" access="false"></right>
        <right name="command.reloadbans" access="false"></right>
        <right name="command.refresh" access="false"></right>
        <right name="command.refreshall" access="false"></right>
        <right name="command.loadmodule" access="false"></right>
        <right name="command.unloadmodule" access="false"></right>
        <right name="command.reloadmodule" access="false"></right>
        <right name="command.addaccount" access="false"></right>
        <right name="command.delaccount" access="false"></right>
        <right name="command.chgpass" access="false"></right>
        <right name="function.addAccount" access="true"></right>
        <right name="function.removeAccount" access="true"></right>
        <right name="function.setAccountPassword" access="true"></right>
        <right name="general.adminpanel" access="true"></right>
        <right name="general.tab_players" access="true"></right>
        <right name="general.tab_resources" access="false"></right>
        <right name="general.tab_maps" access="true"></right>
        <right name="general.tab_server" access="false"></right>
        <right name="general.tab_bans" access="false"></right>
        <right name="general.tab_adminchat" access="false"></right>
        <right name="command.freeze" access="false"></right>
        <right name="command.mute" access="false"></right>
        <right name="command.mmute" access="true"></right>
        <right name="command.setnick" access="true"></right>
        <right name="command.shout" access="false"></right>
        <right name="command.spectate" access="false"></right>
        <right name="command.slap" access="true"></right>
        <right name="command.setgroup" access="false"></right>
        <right name="command.sethealth" access="false"></right>
        <right name="command.setarmour" access="false"></right>
        <right name="command.setmoney" access="false"></right>
        <right name="command.setskin" access="false"></right>
        <right name="command.setteam" access="false"></right>
        <right name="command.giveweapon" access="false"></right>
        <right name="command.setstat" access="false"></right>
        <right name="command.jetpack" access="false"></right>
        <right name="command.warp" access="false"></right>
        <right name="command.setdimension" access="false"></right>
        <right name="command.setinterior" access="false"></right>
        <right name="command.createteam" access="false"></right>
        <right name="command.destroyteam" access="false"></right>
        <right name="command.givevehicle" access="false"></right>
        <right name="command.repair" access="true"></right>
        <right name="command.blowvehicle" access="false"></right>
        <right name="command.destroyvehicle" access="false"></right>
        <right name="command.customize" access="false"></right>
        <right name="command.setcolor" access="false"></right>
        <right name="command.setpaintjob" access="false"></right>
        <right name="command.listmessages" access="true"></right>
        <right name="command.readmessage" access="true"></right>
        <right name="command.listresources" access="true"></right>
        <right name="command.stopall" access="false"></right>
        <right name="command.delete" access="false"></right>
        <right name="command.execute" access="false"></right>
        <right name="command.setpassword" access="false"></right>
        <right name="command.setwelcome" access="false"></right>
        <right name="command.setgame" access="false"></right>
        <right name="command.setmap" access="false"></right>
        <right name="command.setweather" access="false"></right>
        <right name="command.blendweather" access="false"></right>
        <right name="command.setblurlevel" access="false"></right>
        <right name="command.setwaveheight" access="false"></right>
        <right name="command.setskygradient" access="false"></right>
        <right name="command.setgamespeed" access="false"></right>
        <right name="command.setgravity" access="false"></right>
        <right name="command.settime" access="true"></right>
        <right name="command.setfpslimit" access="false"></right>
        <right name="command.unban" access="false"></right>
        <right name="command.banserial" access="false"></right>
        <right name="command.unbanserial" access="false"></right>
        <right name="command.listbans" access="false"></right>
        <right name="command.nosonrespawn" access="false"></right>
        <right name="command.nosonchange" access="false"></right>
        <right name="command.chgmypass" access="true"></right>
    </acl>
    <acl name="Admin">
        <right name="general.ModifyOtherObjects" access="true"></right>
        <right name="command.shutdown" access="false"></right>
        <right name="command.install" access="false"></right>
        <right name="command.aexec" access="false"></right>
        <right name="command.delaccount" access="true"></right>
        <right name="command.debugscript" access="false"></right>
        <right name="command.upgrade" access="true"></right>
        <right name="command.crun" access="true"></right>
        <right name="command.srun" access="true"></right>
        <right name="command.run" access="true"></right>
        <right name="function.addBan" access="true"></right>
        <right name="function.setUnbanTime" access="true"></right>
        <right name="function.setBanAdmin" access="true"></right>
        <right name="function.setBanReason" access="true"></right>
        <right name="function.setBanNick" access="true"></right>
        <right name="function.removeBan" access="true"></right>
        <right name="function.reloadBans" access="true"></right>
        <right name="function.executeCommandHandler" access="true"></right>
        <right name="function.setServerPassword" access="true"></right>
        <right name="function.getServerPassword" access="true"></right>
        <right name="function.createResource" access="true"></right>
        <right name="function.copyResource" access="true"></right>
        <right name="function.addResourceMap" access="true"></right>
        <right name="function.addResourceConfig" access="true"></right>
        <right name="function.removeResourceFile" access="true"></right>
        <right name="function.setResourceDefaultSetting" access="true"></right>
        <right name="function.removeResourceDefaultSetting" access="true"></right>
        <right name="function.aclReload" access="true"></right>
        <right name="function.aclSave" access="true"></right>
        <right name="function.aclCreate" access="true"></right>
        <right name="function.aclDestroy" access="true"></right>
        <right name="function.aclSetRight" access="true"></right>
        <right name="command.whois" access="false"></right>
        <right name="command.whowas" access="false"></right>
        <right name="function.aclRemoveRight" access="true"></right>
        <right name="function.aclCreateGroup" access="true"></right>
        <right name="function.aclDestroyGroup" access="true"></right>
        <right name="function.aclGroupAddACL" access="true"></right>
        <right name="function.aclGroupRemoveACL" access="true"></right>
        <right name="function.aclGroupAddObject" access="true"></right>
        <right name="function.aclGroupRemoveObject" access="true"></right>
        <right name="function.refreshResources" access="true"></right>
        <right name="function.setServerConfigSetting" access="true"></right>
        <right name="function.updateResourceACLRequest" access="true"></right>
        <right name="command.aclrequest" access="true"></right>
        <right name="general.adminpanel" access="true"></right>
        <right name="general.tab_players" access="true"></right>
        <right name="general.tab_resources" access="true"></right>
        <right name="general.tab_server" access="true"></right>
        <right name="general.tab_maps" access="true"></right>
        <right name="general.tab_bans" access="true"></right>
        <right name="general.tab_adminchat" access="false"></right>
        <right name="command.kick" access="true"></right>
        <right name="command.freeze" access="false"></right>
        <right name="command.mute" access="true"></right>
        <right name="command.mmute" access="true"></right>
        <right name="command.setnick" access="true"></right>
        <right name="command.shout" access="false"></right>
        <right name="command.spectate" access="false"></right>
        <right name="command.slap" access="true"></right>
        <right name="command.setgroup" access="true"></right>
        <right name="command.sethealth" access="true"></right>
        <right name="command.setarmour" access="true"></right>
        <right name="command.setmoney" access="true"></right>
        <right name="command.setskin" access="true"></right>
        <right name="command.setteam" access="true"></right>
        <right name="command.giveweapon" access="true"></right>
        <right name="command.setstat" access="true"></right>
        <right name="command.jetpack" access="true"></right>
        <right name="command.warp" access="true"></right>
        <right name="command.setdimension" access="true"></right>
        <right name="command.setinterior" access="true"></right>
        <right name="command.createteam" access="true"></right>
        <right name="command.destroyteam" access="true"></right>
        <right name="command.givevehicle" access="false"></right>
        <right name="command.repair" access="true"></right>
        <right name="command.blowvehicle" access="false"></right>
        <right name="command.destroyvehicle" access="false"></right>
        <right name="command.customize" access="false"></right>
        <right name="command.setcolor" access="true"></right>
        <right name="command.setpaintjob" access="true"></right>
        <right name="command.listmessages" access="true"></right>
        <right name="command.readmessage" access="true"></right>
        <right name="command.listresources" access="true"></right>
        <right name="command.start" access="false"></right>
        <right name="command.stop" access="false"></right>
        <right name="command.stopall" access="false"></right>
        <right name="command.delete" access="false"></right>
        <right name="command.restart" access="false"></right>
        <right name="command.execute" access="false"></right>
        <right name="command.setpassword" access="true"></right>
        <right name="command.setwelcome" access="false"></right>
        <right name="command.setgame" access="false"></right>
        <right name="command.setmap" access="false"></right>
        <right name="command.setweather" access="false"></right>
        <right name="command.blendweather" access="false"></right>
        <right name="command.setblurlevel" access="false"></right>
        <right name="command.setwaveheight" access="false"></right>
        <right name="command.setskygradient" access="false"></right>
        <right name="command.setgamespeed" access="false"></right>
        <right name="command.setgravity" access="false"></right>
        <right name="command.settime" access="false"></right>
        <right name="command.setfpslimit" access="false"></right>
        <right name="function.shutdown" access="false"></right>
        <right name="command.ban" access="true"></right>
        <right name="command.unban" access="true"></right>
        <right name="command.banip" access="false"></right>
        <right name="command.unbanip" access="true"></right>
        <right name="command.banserial" access="false"></right>
        <right name="command.unbanserial" access="true"></right>
        <right name="command.listbans" access="true"></right>
        <right name="command.chgpass" access="true"></right>
        <right name="command.chgmypass" access="true"></right>
        <right name="command.refresh" access="false"></right>
        <right name="command.refreshall" access="false"></right>
        <right name="command.nosonrespawn" access="false"></right>
        <right name="command.nosonchange" access="false"></right>
        <right name="resource.rafalh.alias" access="true"></right>
        <right name="resource.rafalh.addcom" access="true"></right>
        <right name="resource.rafalh.remcom" access="true"></right>
        <right name="resource.rafalh.warn" access="true"></right>
        <right name="resource.rafalh.unwarn" access="true"></right>
        <right name="resource.rafalh.setmaxping" access="true"></right>
        <right name="resource.rafalh.setupload" access="true"></right>
        <right name="resource.rafalh.ip" access="true"></right>
        <right name="resource.rafalh.cancel" access="true"></right>
        <right name="resource.rafalh.nextmap" access="true"></right>
        <right name="resource.rafalh.remmap" access="true"></right>
        <right name="resource.rafalh.restoremap" access="true"></right>
        <right name="resource.rafalh.pmute" access="true"></right>
        <right name="resource.rafalh.findaccounts" access="true"></right>
        <right name="resource.rafalh.mergeaccounts" access="true"></right>
        <right name="resource.rafalh.setpoints" access="true"></right>
        <right name="resource.rafalh.remtoptime" access="true"></right>
        <right name="resource.rafalh.ac" access="true"></right>
        <right name="resource.rafalh.setmapname" access="true"></right>
        <right name="resource.rafalh.setrs" access="true"></right>
        <right name="resource.rafalh.setmapcreator" access="true"></right>
        <right name="resource.rafalh.restartserver" access="true"></right>
        <right name="resource.rafalh.cleandb" access="true"></right>
        <right name="resource.webadmin" access="true"></right>
    </acl>
    <acl name="Owner">
        <right name="general.ModifyOtherObjects" access="true"></right>
        <right name="command.shutdown" access="false"></right>
        <right name="command.install" access="true"></right>
        <right name="command.aexec" access="true"></right>
        <right name="command.delaccount" access="true"></right>
        <right name="command.debugscript" access="true"></right>
        <right name="command.upgrade" access="true"></right>
        <right name="command.crun" access="true"></right>
        <right name="command.srun" access="true"></right>
        <right name="command.run" access="true"></right>
        <right name="function.addBan" access="true"></right>
        <right name="function.setUnbanTime" access="true"></right>
        <right name="function.setBanAdmin" access="true"></right>
        <right name="function.setBanReason" access="true"></right>
        <right name="function.setBanNick" access="true"></right>
        <right name="function.removeBan" access="true"></right>
        <right name="function.reloadBans" access="true"></right>
        <right name="function.executeCommandHandler" access="true"></right>
        <right name="function.setServerPassword" access="true"></right>
        <right name="function.getServerPassword" access="true"></right>
        <right name="function.createResource" access="true"></right>
        <right name="function.copyResource" access="true"></right>
        <right name="function.addResourceMap" access="true"></right>
        <right name="function.addResourceConfig" access="true"></right>
        <right name="function.removeResourceFile" access="true"></right>
        <right name="function.setResourceDefaultSetting" access="true"></right>
        <right name="function.removeResourceDefaultSetting" access="true"></right>
        <right name="function.aclReload" access="true"></right>
        <right name="function.aclSave" access="true"></right>
        <right name="function.aclCreate" access="true"></right>
        <right name="function.aclDestroy" access="true"></right>
        <right name="function.aclSetRight" access="true"></right>
        <right name="command.whois" access="true"></right>
        <right name="command.whowas" access="true"></right>
        <right name="function.aclRemoveRight" access="true"></right>
        <right name="function.aclCreateGroup" access="true"></right>
        <right name="function.aclDestroyGroup" access="true"></right>
        <right name="function.aclGroupAddACL" access="true"></right>
        <right name="function.aclGroupRemoveACL" access="true"></right>
        <right name="function.aclGroupAddObject" access="true"></right>
        <right name="function.aclGroupRemoveObject" access="true"></right>
        <right name="function.refreshResources" access="true"></right>
        <right name="function.setServerConfigSetting" access="true"></right>
        <right name="function.updateResourceACLRequest" access="true"></right>
        <right name="command.aclrequest" access="true"></right>
        <right name="general.adminpanel" access="true"></right>
        <right name="general.tab_players" access="true"></right>
        <right name="general.tab_resources" access="true"></right>
        <right name="general.tab_server" access="true"></right>
        <right name="general.tab_maps" access="true"></right>
        <right name="general.tab_bans" access="true"></right>
        <right name="general.tab_adminchat" access="true"></right>
        <right name="command.kick" access="true"></right>
        <right name="command.freeze" access="true"></right>
        <right name="command.mute" access="true"></right>
        <right name="command.mmute" access="true"></right>
        <right name="command.setnick" access="true"></right>
        <right name="command.shout" access="true"></right>
        <right name="command.spectate" access="true"></right>
        <right name="command.slap" access="true"></right>
        <right name="command.setgroup" access="true"></right>
        <right name="command.sethealth" access="true"></right>
        <right name="command.setarmour" access="true"></right>
        <right name="command.setmoney" access="true"></right>
        <right name="command.setskin" access="true"></right>
        <right name="command.setteam" access="true"></right>
        <right name="command.giveweapon" access="true"></right>
        <right name="command.setstat" access="true"></right>
        <right name="command.jetpack" access="true"></right>
        <right name="command.warp" access="true"></right>
        <right name="command.setdimension" access="true"></right>
        <right name="command.setinterior" access="true"></right>
        <right name="command.createteam" access="true"></right>
        <right name="command.destroyteam" access="true"></right>
        <right name="command.givevehicle" access="true"></right>
        <right name="command.repair" access="true"></right>
        <right name="command.blowvehicle" access="true"></right>
        <right name="command.destroyvehicle" access="false"></right>
        <right name="command.customize" access="false"></right>
        <right name="command.setcolor" access="true"></right>
        <right name="command.setpaintjob" access="true"></right>
        <right name="command.listmessages" access="true"></right>
        <right name="command.readmessage" access="true"></right>
        <right name="command.listresources" access="true"></right>
        <right name="command.start" access="true"></right>
        <right name="command.stop" access="true"></right>
        <right name="command.stopall" access="false"></right>
        <right name="command.delete" access="true"></right>
        <right name="command.restart" access="true"></right>
        <right name="command.execute" access="true"></right>
        <right name="command.setpassword" access="true"></right>
        <right name="command.setwelcome" access="true"></right>
        <right name="command.setgame" access="true"></right>
        <right name="command.setmap" access="true"></right>
        <right name="command.setweather" access="true"></right>
        <right name="command.blendweather" access="true"></right>
        <right name="command.setblurlevel" access="true"></right>
        <right name="command.setwaveheight" access="true"></right>
        <right name="command.setskygradient" access="true"></right>
        <right name="command.setgamespeed" access="true"></right>
        <right name="command.setgravity" access="true"></right>
        <right name="command.settime" access="true"></right>
        <right name="command.setfpslimit" access="true"></right>
        <right name="function.shutdown" access="false"></right>
        <right name="command.ban" access="true"></right>
        <right name="command.unban" access="true"></right>
        <right name="command.banip" access="true"></right>
        <right name="command.unbanip" access="true"></right>
        <right name="command.banserial" access="true"></right>
        <right name="command.unbanserial" access="true"></right>
        <right name="command.listbans" access="true"></right>
        <right name="command.chgpass" access="true"></right>
        <right name="command.refresh" access="true"></right>
        <right name="command.refreshall" access="true"></right>
        <right name="command.chgmypass" access="true"></right>
        <right name="command.authserial" access="true"></right>
        <right name="command.addaccount" access="true"></right>
        <right name="resource.rafalh.alias" access="true"></right>
        <right name="resource.rafalh.addcom" access="true"></right>
        <right name="resource.rafalh.remcom" access="true"></right>
        <right name="resource.rafalh.warn" access="true"></right>
        <right name="resource.rafalh.unwarn" access="true"></right>
        <right name="resource.rafalh.setmaxping" access="true"></right>
        <right name="resource.rafalh.setupload" access="true"></right>
        <right name="resource.rafalh.ip" access="true"></right>
        <right name="resource.rafalh.cancel" access="true"></right>
        <right name="resource.rafalh.nextmap" access="true"></right>
        <right name="resource.rafalh.remmap" access="true"></right>
        <right name="resource.rafalh.restoremap" access="true"></right>
        <right name="resource.rafalh.pmute" access="true"></right>
        <right name="resource.rafalh.findaccounts" access="true"></right>
        <right name="resource.rafalh.mergeaccounts" access="true"></right>
        <right name="resource.rafalh.setpoints" access="true"></right>
        <right name="resource.rafalh.remtoptime" access="true"></right>
        <right name="resource.rafalh.ac" access="true"></right>
        <right name="resource.rafalh.setmapname" access="true"></right>
        <right name="resource.rafalh.setrs" access="true"></right>
        <right name="resource.rafalh.setmapcreator" access="true"></right>
        <right name="resource.rafalh.restartserver" access="true"></right>
        <right name="resource.rafalh.cleandb" access="true"></right>
        <right name="resource.webadmin" access="true"></right>
    </acl>
    <acl name="Trusted">
        <right name="command.ban" access="false"></right>
        <right name="command.kick" access="true"></right>
        <right name="general.adminpanel" access="false"></right>
        <right name="general.tab_players" access="false"></right>
        <right name="general.tab_resources" access="false"></right>
        <right name="general.tab_maps" access="false"></right>
        <right name="general.tab_bans" access="false"></right>
        <right name="general.tab_server" access="true"></right>
        <right name="general.tab_adminchat" access="false"></right>
        <right name="command.freeze" access="false"></right>
        <right name="command.mute" access="false"></right>
        <right name="command.mmute" access="true"></right>
        <right name="command.setnick" access="false"></right>
        <right name="command.shout" access="false"></right>
        <right name="command.spectate" access="false"></right>
        <right name="command.slap" access="false"></right>
        <right name="command.setgroup" access="false"></right>
        <right name="command.sethealth" access="false"></right>
        <right name="command.setarmour" access="false"></right>
        <right name="command.setmoney" access="false"></right>
        <right name="command.setskin" access="false"></right>
        <right name="command.setteam" access="false"></right>
        <right name="command.giveweapon" access="false"></right>
        <right name="command.setstat" access="false"></right>
        <right name="command.jetpack" access="false"></right>
        <right name="command.warp" access="false"></right>
        <right name="command.setdimension" access="false"></right>
        <right name="command.setinterior" access="false"></right>
        <right name="command.createteam" access="false"></right>
        <right name="command.destroyteam" access="false"></right>
        <right name="command.givevehicle" access="false"></right>
        <right name="command.repair" access="false"></right>
        <right name="command.blowvehicle" access="false"></right>
        <right name="command.destroyvehicle" access="false"></right>
        <right name="command.customize" access="false"></right>
        <right name="command.setcolor" access="false"></right>
        <right name="command.setpaintjob" access="false"></right>
        <right name="command.listmessages" access="false"></right>
        <right name="command.readmessage" access="false"></right>
        <right name="command.listresources" access="false"></right>
        <right name="command.start" access="false"></right>
        <right name="command.stop" access="false"></right>
        <right name="command.stopall" access="false"></right>
        <right name="command.delete" access="false"></right>
        <right name="command.restart" access="false"></right>
        <right name="command.execute" access="false"></right>
        <right name="command.setpassword" access="true"></right>
        <right name="command.setwelcome" access="false"></right>
        <right name="command.setgame" access="false"></right>
        <right name="command.setmap" access="false"></right>
        <right name="command.setweather" access="false"></right>
        <right name="command.blendweather" access="false"></right>
        <right name="command.setblurlevel" access="false"></right>
        <right name="command.setwaveheight" access="false"></right>
        <right name="command.setskygradient" access="false"></right>
        <right name="command.setgamespeed" access="false"></right>
        <right name="command.setgravity" access="false"></right>
        <right name="command.settime" access="false"></right>
        <right name="command.setfpslimit" access="false"></right>
        <right name="function.shutdown" access="false"></right>
        <right name="command.banip" access="false"></right>
        <right name="command.banserial" access="false"></right>
        <right name="command.unban" access="false"></right>
        <right name="command.unbanip" access="false"></right>
        <right name="command.unbanserial" access="false"></right>
        <right name="command.listbans" access="false"></right>
        <right name="command.nosonrespawn" access="false"></right>
        <right name="command.nosonchange" access="false"></right>
    </acl>
    <acl name="RPC">
        <right name="function.callRemote" access="true"></right>
        <right name="function.fetchRemote" access="true"></right>
        <right name="general.adminpanel" access="false"></right>
        <right name="general.tab_players" access="false"></right>
        <right name="general.tab_resources" access="false"></right>
        <right name="general.tab_maps" access="false"></right>
        <right name="general.tab_server" access="false"></right>
        <right name="general.tab_bans" access="false"></right>
        <right name="general.tab_adminchat" access="false"></right>
        <right name="command.kick" access="false"></right>
        <right name="command.freeze" access="false"></right>
        <right name="command.mute" access="false"></right>
        <right name="command.setnick" access="false"></right>
        <right name="command.shout" access="false"></right>
        <right name="command.spectate" access="false"></right>
        <right name="command.slap" access="false"></right>
        <right name="command.setgroup" access="false"></right>
        <right name="command.sethealth" access="false"></right>
        <right name="command.setarmour" access="false"></right>
        <right name="command.setmoney" access="false"></right>
        <right name="command.setskin" access="false"></right>
        <right name="command.setteam" access="false"></right>
        <right name="command.giveweapon" access="false"></right>
        <right name="command.setstat" access="false"></right>
        <right name="command.jetpack" access="false"></right>
        <right name="command.warp" access="false"></right>
        <right name="command.setdimension" access="false"></right>
        <right name="command.setinterior" access="false"></right>
        <right name="command.createteam" access="false"></right>
        <right name="command.destroyteam" access="false"></right>
        <right name="command.givevehicle" access="false"></right>
        <right name="command.repair" access="false"></right>
        <right name="command.blowvehicle" access="false"></right>
        <right name="command.destroyvehicle" access="false"></right>
        <right name="command.customize" access="false"></right>
        <right name="command.setcolor" access="false"></right>
        <right name="command.setpaintjob" access="false"></right>
        <right name="command.listmessages" access="false"></right>
        <right name="command.readmessage" access="false"></right>
        <right name="command.listresources" access="false"></right>
        <right name="command.start" access="false"></right>
        <right name="command.stop" access="false"></right>
        <right name="command.stopall" access="false"></right>
        <right name="command.delete" access="false"></right>
        <right name="command.restart" access="false"></right>
        <right name="command.execute" access="false"></right>
        <right name="command.setpassword" access="false"></right>
        <right name="command.setwelcome" access="false"></right>
        <right name="command.setgame" access="false"></right>
        <right name="command.setmap" access="false"></right>
        <right name="command.setweather" access="false"></right>
        <right name="command.blendweather" access="false"></right>
        <right name="command.setblurlevel" access="false"></right>
        <right name="command.setwaveheight" access="false"></right>
        <right name="command.setskygradient" access="false"></right>
        <right name="command.setgamespeed" access="false"></right>
        <right name="command.setgravity" access="false"></right>
        <right name="command.settime" access="false"></right>
        <right name="command.setfpslimit" access="false"></right>
        <right name="function.shutdown" access="false"></right>
        <right name="command.ban" access="false"></right>
        <right name="command.unban" access="false"></right>
        <right name="command.banip" access="false"></right>
        <right name="command.unbanip" access="false"></right>
        <right name="command.banserial" access="false"></right>
        <right name="command.unbanserial" access="false"></right>
        <right name="command.listbans" access="false"></right>
    </acl>
    <acl name="+antiban">
        <right name="function.callRemote" access="true"></right>
        <right name="function.fetchRemote" access="true"></right>
        <right name="general.adminpanel" access="false"></right>
        <right name="general.tab_players" access="false"></right>
        <right name="general.tab_resources" access="false"></right>
        <right name="general.tab_maps" access="false"></right>
        <right name="general.tab_server" access="false"></right>
        <right name="general.tab_bans" access="false"></right>
        <right name="general.tab_adminchat" access="false"></right>
        <right name="command.kick" access="false"></right>
        <right name="command.freeze" access="false"></right>
        <right name="command.mute" access="false"></right>
        <right name="command.mmute" access="true"></right>
        <right name="command.setnick" access="false"></right>
        <right name="command.shout" access="false"></right>
        <right name="command.spectate" access="false"></right>
        <right name="command.slap" access="false"></right>
        <right name="command.setgroup" access="false"></right>
        <right name="command.sethealth" access="false"></right>
        <right name="command.setarmour" access="false"></right>
        <right name="command.setmoney" access="false"></right>
        <right name="command.setskin" access="false"></right>
        <right name="command.setteam" access="false"></right>
        <right name="command.giveweapon" access="false"></right>
        <right name="command.setstat" access="false"></right>
        <right name="command.jetpack" access="false"></right>
        <right name="command.warp" access="false"></right>
        <right name="command.setdimension" access="false"></right>
        <right name="command.setinterior" access="false"></right>
        <right name="command.createteam" access="false"></right>
        <right name="command.destroyteam" access="false"></right>
        <right name="command.givevehicle" access="false"></right>
        <right name="command.repair" access="false"></right>
        <right name="command.blowvehicle" access="false"></right>
        <right name="command.destroyvehicle" access="false"></right>
        <right name="command.customize" access="false"></right>
        <right name="command.setcolor" access="false"></right>
        <right name="command.setpaintjob" access="false"></right>
        <right name="command.listmessages" access="false"></right>
        <right name="command.readmessage" access="false"></right>
        <right name="command.listresources" access="false"></right>
        <right name="command.start" access="false"></right>
        <right name="command.stop" access="false"></right>
        <right name="command.stopall" access="false"></right>
        <right name="command.delete" access="false"></right>
        <right name="command.restart" access="false"></right>
        <right name="command.execute" access="false"></right>
        <right name="command.setpassword" access="false"></right>
        <right name="command.setwelcome" access="false"></right>
        <right name="command.setgame" access="false"></right>
        <right name="command.setmap" access="false"></right>
        <right name="command.setweather" access="false"></right>
        <right name="command.blendweather" access="false"></right>
        <right name="command.setblurlevel" access="false"></right>
        <right name="command.setwaveheight" access="false"></right>
        <right name="command.setskygradient" access="false"></right>
        <right name="command.setgamespeed" access="false"></right>
        <right name="command.setgravity" access="false"></right>
        <right name="command.settime" access="false"></right>
        <right name="command.setfpslimit" access="false"></right>
        <right name="function.shutdown" access="false"></right>
        <right name="command.ban" access="false"></right>
        <right name="command.unban" access="false"></right>
        <right name="command.banip" access="false"></right>
        <right name="command.unbanip" access="false"></right>
        <right name="command.banserial" access="false"></right>
        <right name="command.unbanserial" access="false"></right>
        <right name="command.listbans" access="false"></right>
        <right name="command.nosonrespawn" access="false"></right>
        <right name="command.nosonchange" access="false"></right>
    </acl>
    <acl name="MapEditor">
        <right name="general.ModifyOtherObjects" access="true"></right>
        <right name="function.startResource" access="true"></right>
        <right name="function.stopResource" access="true"></right>
        <right name="function.restartResource" access="true"></right>
        <right name="function.createResource" access="true"></right>
        <right name="function.copyResource" access="true"></right>
        <right name="function.renameResource" access="true"></right>
        <right name="function.deleteResource" access="true"></right>
        <right name="function.addResourceMap" access="true"></right>
        <right name="function.addResourceConfig" access="true"></right>
        <right name="function.removeResourceFile" access="true"></right>
        <right name="function.setResourceDefaultSetting" access="true"></right>
        <right name="function.removeResourceDefaultSetting" access="true"></right>
        <right name="function.xmlLoadFile" access="true"></right>
        <right name="function.refreshResources" access="true"></right>
        <right name="general.adminpanel" access="false"></right>
        <right name="general.tab_players" access="false"></right>
        <right name="general.tab_resources" access="false"></right>
        <right name="general.tab_maps" access="false"></right>
        <right name="general.tab_server" access="false"></right>
        <right name="general.tab_bans" access="false"></right>
        <right name="general.tab_adminchat" access="false"></right>
        <right name="command.kick" access="false"></right>
        <right name="command.freeze" access="false"></right>
        <right name="command.mute" access="false"></right>
        <right name="command.setnick" access="false"></right>
        <right name="command.shout" access="false"></right>
        <right name="command.spectate" access="false"></right>
        <right name="command.slap" access="false"></right>
        <right name="command.setgroup" access="false"></right>
        <right name="command.sethealth" access="false"></right>
        <right name="command.setarmour" access="false"></right>
        <right name="command.setmoney" access="false"></right>
        <right name="command.setskin" access="false"></right>
        <right name="command.setteam" access="false"></right>
        <right name="command.giveweapon" access="false"></right>
        <right name="command.setstat" access="false"></right>
        <right name="command.jetpack" access="false"></right>
        <right name="command.warp" access="false"></right>
        <right name="command.setdimension" access="false"></right>
        <right name="command.setinterior" access="false"></right>
        <right name="command.createteam" access="false"></right>
        <right name="command.destroyteam" access="false"></right>
        <right name="command.givevehicle" access="false"></right>
        <right name="command.repair" access="false"></right>
        <right name="command.blowvehicle" access="false"></right>
        <right name="command.destroyvehicle" access="false"></right>
        <right name="command.customize" access="false"></right>
        <right name="command.setcolor" access="false"></right>
        <right name="command.setpaintjob" access="false"></right>
        <right name="command.listmessages" access="false"></right>
        <right name="command.readmessage" access="false"></right>
        <right name="command.listresources" access="false"></right>
        <right name="command.start" access="false"></right>
        <right name="command.stop" access="false"></right>
        <right name="command.stopall" access="false"></right>
        <right name="command.delete" access="false"></right>
        <right name="command.restart" access="false"></right>
        <right name="command.execute" access="false"></right>
        <right name="command.setpassword" access="false"></right>
        <right name="command.setwelcome" access="false"></right>
        <right name="command.setgame" access="false"></right>
        <right name="command.setmap" access="false"></right>
        <right name="command.setweather" access="false"></right>
        <right name="command.blendweather" access="false"></right>
        <right name="command.setblurlevel" access="false"></right>
        <right name="command.setwaveheight" access="false"></right>
        <right name="command.setskygradient" access="false"></right>
        <right name="command.setgamespeed" access="false"></right>
        <right name="command.setgravity" access="false"></right>
        <right name="command.settime" access="false"></right>
        <right name="command.setfpslimit" access="false"></right>
        <right name="function.shutdown" access="false"></right>
        <right name="command.ban" access="false"></right>
        <right name="command.unban" access="false"></right>
        <right name="command.banip" access="false"></right>
        <right name="command.unbanip" access="false"></right>
        <right name="command.banserial" access="false"></right>
        <right name="command.unbanserial" access="false"></right>
        <right name="command.listbans" access="false"></right>
    </acl>
    <acl name="raceACL">
        <right name="general.ModifyOtherObjects" access="true"></right>
        <right name="function.xmlLoadFile" access="true"></right>
        <right name="function.startResource" access="true"></right>
        <right name="function.stopResource" access="true"></right>
        <right name="function.restartResource" access="true"></right>
        <right name="general.adminpanel" access="false"></right>
        <right name="general.tab_players" access="false"></right>
        <right name="general.tab_resources" access="false"></right>
        <right name="general.tab_maps" access="false"></right>
        <right name="general.tab_server" access="false"></right>
        <right name="general.tab_bans" access="false"></right>
        <right name="general.tab_adminchat" access="false"></right>
        <right name="command.kick" access="false"></right>
        <right name="command.freeze" access="false"></right>
        <right name="command.mute" access="false"></right>
        <right name="command.setnick" access="false"></right>
        <right name="command.shout" access="false"></right>
        <right name="command.spectate" access="false"></right>
        <right name="command.slap" access="false"></right>
        <right name="command.setgroup" access="false"></right>
        <right name="command.sethealth" access="false"></right>
        <right name="command.setarmour" access="false"></right>
        <right name="command.setmoney" access="false"></right>
        <right name="command.setskin" access="false"></right>
        <right name="command.setteam" access="false"></right>
        <right name="command.giveweapon" access="false"></right>
        <right name="command.setstat" access="false"></right>
        <right name="command.jetpack" access="false"></right>
        <right name="command.warp" access="false"></right>
        <right name="command.setdimension" access="false"></right>
        <right name="command.setinterior" access="false"></right>
        <right name="command.createteam" access="false"></right>
        <right name="command.destroyteam" access="false"></right>
        <right name="command.givevehicle" access="false"></right>
        <right name="command.repair" access="false"></right>
        <right name="command.blowvehicle" access="false"></right>
        <right name="command.destroyvehicle" access="false"></right>
        <right name="command.customize" access="false"></right>
        <right name="command.setcolor" access="false"></right>
        <right name="command.setpaintjob" access="false"></right>
        <right name="command.listmessages" access="false"></right>
        <right name="command.readmessage" access="false"></right>
        <right name="command.listresources" access="false"></right>
        <right name="command.start" access="false"></right>
        <right name="command.stop" access="false"></right>
        <right name="command.stopall" access="false"></right>
        <right name="command.delete" access="false"></right>
        <right name="command.restart" access="false"></right>
        <right name="command.execute" access="false"></right>
        <right name="command.setpassword" access="false"></right>
        <right name="command.setwelcome" access="false"></right>
        <right name="command.setgame" access="false"></right>
        <right name="command.setmap" access="false"></right>
        <right name="command.setweather" access="false"></right>
        <right name="command.blendweather" access="false"></right>
        <right name="command.setblurlevel" access="false"></right>
        <right name="command.setwaveheight" access="false"></right>
        <right name="command.setskygradient" access="false"></right>
        <right name="command.setgamespeed" access="false"></right>
        <right name="command.setgravity" access="false"></right>
        <right name="command.settime" access="false"></right>
        <right name="command.setfpslimit" access="false"></right>
        <right name="function.shutdown" access="false"></right>
        <right name="command.ban" access="false"></right>
        <right name="command.unban" access="false"></right>
        <right name="command.banip" access="false"></right>
        <right name="command.unbanip" access="false"></right>
        <right name="command.banserial" access="false"></right>
        <right name="command.unbanserial" access="false"></right>
        <right name="command.listbans" access="false"></right>
    </acl>
    <acl name="DevACL">
        <right name="resource.performancebrowser.http" access="true"></right>
        <right name="resource.ajax.http" access="true"></right>
        <right name="general.adminpanel" access="false"></right>
        <right name="general.tab_players" access="false"></right>
        <right name="general.tab_resources" access="false"></right>
        <right name="general.tab_maps" access="false"></right>
        <right name="general.tab_server" access="false"></right>
        <right name="general.tab_bans" access="false"></right>
        <right name="general.tab_adminchat" access="false"></right>
        <right name="command.kick" access="false"></right>
        <right name="command.freeze" access="false"></right>
        <right name="command.mute" access="false"></right>
        <right name="command.setnick" access="false"></right>
        <right name="command.shout" access="false"></right>
        <right name="command.spectate" access="false"></right>
        <right name="command.slap" access="false"></right>
        <right name="command.setgroup" access="false"></right>
        <right name="command.sethealth" access="false"></right>
        <right name="command.setarmour" access="false"></right>
        <right name="command.setmoney" access="false"></right>
        <right name="command.setskin" access="false"></right>
        <right name="command.setteam" access="false"></right>
        <right name="command.giveweapon" access="false"></right>
        <right name="command.setstat" access="false"></right>
        <right name="command.jetpack" access="false"></right>
        <right name="command.warp" access="false"></right>
        <right name="command.setdimension" access="false"></right>
        <right name="command.setinterior" access="false"></right>
        <right name="command.createteam" access="false"></right>
        <right name="command.destroyteam" access="false"></right>
        <right name="command.givevehicle" access="false"></right>
        <right name="command.repair" access="false"></right>
        <right name="command.blowvehicle" access="false"></right>
        <right name="command.destroyvehicle" access="false"></right>
        <right name="command.customize" access="false"></right>
        <right name="command.setcolor" access="false"></right>
        <right name="command.setpaintjob" access="false"></right>
        <right name="command.listmessages" access="false"></right>
        <right name="command.readmessage" access="false"></right>
        <right name="command.listresources" access="false"></right>
        <right name="command.start" access="false"></right>
        <right name="command.stop" access="false"></right>
        <right name="command.stopall" access="false"></right>
        <right name="command.delete" access="false"></right>
        <right name="command.restart" access="false"></right>
        <right name="command.execute" access="false"></right>
        <right name="command.setpassword" access="false"></right>
        <right name="command.setwelcome" access="false"></right>
        <right name="command.setgame" access="false"></right>
        <right name="command.setmap" access="false"></right>
        <right name="command.setweather" access="false"></right>
        <right name="command.blendweather" access="false"></right>
        <right name="command.setblurlevel" access="false"></right>
        <right name="command.setwaveheight" access="false"></right>
        <right name="command.setskygradient" access="false"></right>
        <right name="command.setgamespeed" access="false"></right>
        <right name="command.setgravity" access="false"></right>
        <right name="command.settime" access="false"></right>
        <right name="command.setfpslimit" access="false"></right>
        <right name="function.shutdown" access="false"></right>
        <right name="command.ban" access="false"></right>
        <right name="command.unban" access="false"></right>
        <right name="command.banip" access="false"></right>
        <right name="command.unbanip" access="false"></right>
        <right name="command.banserial" access="false"></right>
        <right name="command.unbanserial" access="false"></right>
        <right name="command.listbans" access="false"></right>
    </acl>
    <acl name="autoACL_antivpn">
        <right name="function.fetchRemote" access="false" who="" pending="true" date=""></right>
        <right name="function.kickPlayer" access="false" who="" pending="true" date=""></right>
    </acl>
    <acl name="autoACL_mapmanager">
        <right name="function.startResource" access="false" who="" pending="true" date=""></right>
        <right name="function.restartResource" access="false" who="" pending="true" date=""></right>
        <right name="function.stopResource" access="false" who="" pending="true" date=""></right>
        <right name="function.refreshResources" access="false" who="" pending="true" date=""></right>
    </acl>
    <acl name="autoACL_guieditor">
        <right name="general.ModifyOtherObjects" access="false" who="" pending="true" date=""></right>
        <right name="function.callRemote" access="false" who="" pending="true" date=""></right>
    </acl>
</acl>
