<?xml version="1.0" encoding="utf-16" ?>
<meta>
    <info gamemodes="race" type="map" name="[DD] Mountain Derby (CW Version)" author="Metz-ger" version="1.0"></info>
    <map src="race-[dd]mountainderbycw.map" dimension="0"></map>
    <settings>
        <setting name="#maxplayers" value="[ 128 ]"></setting>
        <setting name="#useLODs" value="[ false ]"></setting>
        <setting name="#gamespeed" value="[ 1 ]"></setting>
        <setting name="#minplayers" value="[ 0 ]"></setting>
        <setting name="#gravity" value="[ 0.0080000003799796104 ]"></setting>
        <setting name="#waveheight" value="[ 0 ]"></setting>
        <setting name="#respawntime" value="[ 0 ]"></setting>
        <setting name="#locked_time" value="[ false ]"></setting>
        <setting name="#weather" value='[ &quot;3&quot; ]'></setting>
        <setting name="#time" value="4:0"></setting>
		<setting name="#duration" value="600" />
    </settings>
    <script src="mapEditorScriptingExtension_s.lua" type="server"></script>
    <script src="mapEditorScriptingExtension_c.lua" type="client"></script>
</meta>
