<?xml version="1.0" encoding="utf-16" ?>
<meta>
    <info gamemodes="race" type="map" name="[DD] Destruction Water" />
    <map src="race-[dd]destructionwater.map" dimension="0" />
    <settings>
        <setting name="#skins" value='[ &quot;cj&quot; ]' />
        <setting name="#maxplayers" value="[ 128 ]" />
        <setting name="#gamespeed" value="[ 1 ]" />
        <setting name="#ghostmode" value='[ &quot;false&quot; ]' />
        <setting name="#time" value="4:0" />
        <setting name="#vehicleweapons" value='[ &quot;false&quot; ]' />
        <setting name="#minplayers" value="[ 0 ]" />
        <setting name="#weather" value="[ 2 ]" />
        <setting name="#gravity" value="[ 0.008000 ]" />
        <setting name="#waveheight" value="[ 0 ]" />
        <setting name="#respawntime" value="[ 5 ]" />
        <setting name="#locked_time" value="[ false ]" />
        <setting name="#duration" value="[ 600 ]" />
        <setting name="#respawn" value='[ &quot;none&quot; ]' />
    </settings>
</meta>
