<?xml version="1.0" encoding="utf-16"?>
<meta>
  <info type="map" gamemodes="race" name="[DD] Cross S" author="|GMC|Zaya" description="Visit GMC Server. Our site: www.gmc-game.com" />
  <map src="[DD] Cross S.map" />
  <settings>
    <setting name="#time" value="4:00" />
    <setting name="#weather" value="2" />
    <setting name="#respawn" value="none" />
    <setting name="#duration" value="600" />
    <setting name="#waveheight" value="[ 0.3 ]" />
    <setting name="#locked_time" value="[ true ]" />
  </settings>
</meta>