<meta>
    <oop>true</oop>
    <info gamemodes="race" type="map" name="[DD]Mountain Derby Cheetah" author="TemptatioN" version="1.0"></info>
    <map src="dd-mountainderbycheetah.map" dimension="0"></map>
    <settings>
        <setting name="#skins" value='[ &quot;cj&quot; ]'></setting>
        <setting name="#maxplayers" value="[ 128 ]"></setting>
        <setting name="#useLODs" value="[ false ]"></setting>
        <setting name="#ghostmode" value='[ &quot;false&quot; ]'></setting>
        <setting name="#time" value="4:0"></setting>
        <setting name="#vehicleweapons" value='[ &quot;false&quot; ]'></setting>
        <setting name="#minplayers" value="[ 0 ]"></setting>
        <setting name="#weather" value="[ 2 ]"></setting>
        <setting name="#gravity" value="[ 0.0080000004 ]"></setting>
        <setting name="#waveheight" value="[ 0 ]"></setting>
        <setting name="#respawntime" value="[ 1 ]"></setting>
        <setting name="#locked_time" value="[ false ]"></setting>
        <setting name="#duration" value="[ 600 ]"></setting>
        <setting name="#respawn" value='[ &quot;none&quot; ]'></setting>
    </settings>
    <script src="mapEditorScriptingExtension_s.lua" type="server"></script>
    <script src="mapEditorScriptingExtension_c.lua" type="client" validate="false"></script>
</meta>
