<meta>
    <info gamemodes="race" type="map" name="[CW] Cross 70" author="Infarkt &amp; Hemero!D" version="1.0.0" />
    <map src="Cross 70.map" dimension="0" />
    <settings>
        <setting name="#skins" value='[ &quot;cj&quot; ]' />
        <setting name="#maxplayers" value="[ 30 ]" />
        <setting name="#gamespeed" value="[ 1 ]" />
        <setting name="#ghostmode" value='[ &quot;false&quot; ]' />
        <setting name="#time" value="12:0" />
        <setting name="#vehicleweapons" value='[ &quot;false&quot; ]' />
        <setting name="#minplayers" value="[ 0 ]" />
        <setting name="#weather" value="[ 3 ]" />
        <setting name="#gravity" value="[ 0.008000 ]" />
        <setting name="#waveheight" value="[ 0 ]" />
        <setting name="#locked_time" value="[ true ]" />
        <setting name="#duration" value="[ 600 ]" />
    </settings>
</meta>
